<?xml version="1.0" encoding="utf-8" ?>
<soapenv:Envelope xmlns:soapenv="http://schemas.xmlsoap.org/soap/envelope/" xmlns:v3="http://xmlns.ec.eu/BusinessActivityService/StruvalBAS/V3" xmlns:v31="http://xmlns.ec.eu/BusinessObjects/StruvalDS/V3/">
    <soapenv:Header/>
    <soapenv:Body>
        <v3:ValidateData>
            <!--Optional:-->
            <Input>
                <v31:InputFile>cid:TEMPLATE_INPUT_CID</v31:InputFile>
            </Input>
            <!--Optional:-->
            <StructureConfig>
                <!--You have a CHOICE of the next 2 items at this level-->
                <v31:Structure agency="TEMPLATE_DATAFLOW_AGENCY" id="TEMPLATE_DATAFLOW_ID" version="TEMPLATE_DATAFLOW_VERSION">
                    <v31:StructureFile>cid:TEMPLATE_STRUCTURE_CID</v31:StructureFile>
                </v31:Structure>
                <v31:IsDataFlow>true</v31:IsDataFlow>
            </StructureConfig>
            <MaximumErrorNumber>TEMPLATE_MAX_ERRORS</MaximumErrorNumber>
        </v3:ValidateData>
    </soapenv:Body>
</soapenv:Envelope>