<?xml version="1.0" encoding="UTF-8"?>
<r:rules xmlns:r="http://ec.europa.eu/eurostat/sri/authorisation/1.0" xmlns:xsi="http://www.w3.org/2001/XMLSchema-instance" xsi:schemaLocation="http://ec.europa.eu/eurostat/sri/authorisation/1.0 rules.xsd">
    <!-- REST & SOAP rules -->
    <!-- Order is signifigant -->
    <!-- changes in nsiws.java 's nsiws.xml file should be copied to nsiauthmodule.java/src/test/resources/nsiws-test.xml which is used for unit tests -->

    <!-- GET SCRIPTS -->
    <r:rest path="/script(/.*)?" method="GET" allowAnonymous="true">
        <r:and>
            <r:permission id="Any"/>
        </r:and>
    </r:rest>

    <!-- GET WIZARD -->
    <r:rest path="/getting_started.html" method="GET" allowAnonymous="true">
        <r:and>
            <r:permission id="Any"/>
        </r:and>
    </r:rest>

    <!-- GET CHANGE PASSWORD -->
    <r:rest path="/change_pass.html" method="GET" allowAnonymous="true">
        <r:and>
            <r:permission id="Any"/>
        </r:and>
    </r:rest>

    <!-- GET MAWEB -->
    <r:rest path="/maweb(/.*)?" method="GET" allowAnonymous="true">
        <r:and>
            <r:permission id="Any"/>
        </r:and>
    </r:rest>

    <!-- OPTIONS for NSI CORS -->
    <r:rest path="/sdmx/rest|/rest(/.*)?" method="OPTIONS" allowAnonymous="true">
        <r:and>
            <r:permission id="Any"/>
        </r:and>
    </r:rest>

    <!-- GET MAWS -->
    <r:rest allowAnonymous="false" method="GET" path="/rest/entity/\w+/(ddb|mappingset|dataset|column|localCode|column_description|mapping|transcoding|transcodingRule|header_template|registry|user|userAction|templateMapping|datasource)">
        <r:and>
            <r:permission id="CanPerformInternalMappingConfig"/>
        </r:and>
    </r:rest>

    <r:rest allowAnonymous="false" method="GET" path="/rest/entity/\w+/(mappingset|dataset|column|localCode|column_description|mapping|transcoding|transcodingRule|header_template|templateMapping|datasource)/\w+">
        <r:and>
            <r:permission id="CanPerformInternalMappingConfig"/>
        </r:and>
    </r:rest>

    <r:rest allowAnonymous="false" method="GET" path="/rest/entity/\w+/(ddb|registry|user|userAction)/\w+">
        <r:and>
            <r:permission id="CanModifyStoreSettings"/>
        </r:and>
    </r:rest>

    <!-- auth related to first run. allow anonymous -->
    <r:rest allowAnonymous="true" method="GET" path="/rest/auth/version/current">
        <r:and>
            <r:permission id="CanModifyStoreSettings"/>
        </r:and>
    </r:rest>
    <r:rest allowAnonymous="true" method="GET" path="/rest/auth/version/available">
        <r:and>
            <r:permission id="CanModifyStoreSettings"/>
        </r:and>
    </r:rest>

    <!-- authdb configuration related -->
    <r:rest allowAnonymous="true" method="POST" path="/rest/auth/connection/new">
        <r:and>
            <r:permission id="CanModifyStoreSettings"/>
        </r:and>
    </r:rest>
    <r:rest allowAnonymous="true" method="POST" path="/rest/auth/connection/new/test">
        <r:and>
            <r:permission id="CanModifyStoreSettings"/>
        </r:and>
    </r:rest>
    <r:rest allowAnonymous="false" method="PUT" path="/rest/auth/connection">
        <r:and>
            <r:permission id="CanModifyStoreSettings"/>
        </r:and>
    </r:rest>
    <r:rest allowAnonymous="false" method="POST" path="/rest/auth/connection/test">
        <r:and>
            <r:permission id="CanModifyStoreSettings"/>
        </r:and>
    </r:rest>
    <r:rest allowAnonymous="false" method="GET" path="/rest/auth/connection">
        <r:and>
            <r:permission id="CanModifyStoreSettings"/>
        </r:and>
    </r:rest>


    <!-- About me -->
    <r:rest allowAnonymous="false" method="GET" path="/rest/auth/about/me">
        <r:and>
            <r:permission id="Any"/>
        </r:and>
    </r:rest>

    <!-- Rest of Auth -->
    <r:rest allowAnonymous="false" method="GET" path="/rest/auth/(\w|/)+">
        <r:and>
            <r:permission id="CanModifyStoreSettings"/>
        </r:and>
    </r:rest>

    <!-- Action -->
    <r:rest allowAnonymous="false" method="GET" path="/rest/action/\w+/\w+">
        <r:and>
            <r:permission id="CanModifyStoreSettings"/>
        </r:and>
    </r:rest>
    <r:rest allowAnonymous="false" method="GET" path="/rest/action/\w+">
        <r:and>
            <r:permission id="CanPerformInternalMappingConfig"/>
        </r:and>
    </r:rest>

    <!-- Application MEtadata -->
    <r:rest allowAnonymous="false" method="GET" path="/rest/store/defaultoptions">
        <r:and>
            <r:permission id="CanPerformInternalMappingConfig"/>
        </r:and>
    </r:rest>
    <r:rest allowAnonymous="true" method="GET" path="/rest/app/\w+(/\w+)?">
        <r:and>
            <r:permission id="CanPerformInternalMappingConfig"/>
        </r:and>
    </r:rest>
    <!-- Store -->
    <r:rest allowAnonymous="false" method="GET" path="/rest/store/\w+/all/\w+">
        <r:and>
            <r:permission id="CanModifyStoreSettings"/>
        </r:and>
    </r:rest>
    <r:rest allowAnonymous="false" method="GET" path="/rest/store/\w+/status">
        <r:and>
            <r:permission id="CanPerformInternalMappingConfig"/>
        </r:and>
    </r:rest>
    <r:rest allowAnonymous="false" method="GET" path="/rest/store/\w+/version">
        <r:and>
            <r:permission id="CanPerformInternalMappingConfig"/>
        </r:and>
    </r:rest>
    <r:rest allowAnonymous="false" method="GET" path="/rest/store/\w+">
        <r:and>
            <r:permission id="CanModifyStoreSettings"/>
        </r:and>
    </r:rest>
    <r:rest allowAnonymous="false" method="PUT" path="/rest/store/defaultoptions">
        <r:and>
            <r:permission id="CanModifyStoreSettings"/>
        </r:and>
    </r:rest>
    <r:rest allowAnonymous="false" method="GET" path="/rest/store/\w+/entity/all">
        <r:and>
            <r:permission id="CanModifyStoreSettings"/>
        </r:and>
    </r:rest>
    <r:rest allowAnonymous="false" method="GET" path="/rest/store/\w+/all">
        <r:and>
            <r:permission id="CanModifyStoreSettings"/>
        </r:and>
    </r:rest>
    <r:rest allowAnonymous="false" method="GET" path="/rest/store">
        <r:and>
            <r:permission id="CanPerformInternalMappingConfig"/>
        </r:and>
    </r:rest>
    <r:rest allowAnonymous="false" method="GET" path="/rest/store/\w+/languages">
        <r:and>
            <r:permission id="CanPerformInternalMappingConfig"/>
        </r:and>
    </r:rest>
    <r:rest allowAnonymous="false" method="GET" path="/rest/queue(/.*)?">
        <r:and>
            <r:permission id="CanPerformInternalMappingConfig"/>
        </r:and>
    </r:rest>
    <r:rest allowAnonymous="false" method="GET" path="/rest/queue/result/\w+">
        <r:and>
            <r:permission id="CanPerformInternalMappingConfig"/>
        </r:and>
    </r:rest>

    <!--Validation-->
    <r:rest allowAnonymous="false" method="GET" path="/rest/validation/(data|format)(/\w.+)+">
        <r:and>
            <r:permission id="CanPerformInternalMappingConfig"/>
        </r:and>
    </r:rest>
    <!-- DataSet -->
    <r:rest allowAnonymous="false" method="GET" path="/rest/dataset/(data|sql_column|validation)(/\w.+)+">
        <r:and>
            <r:permission id="CanPerformInternalMappingConfig"/>
        </r:and>
    </r:rest>
    <!-- DDB -->
    <r:rest allowAnonymous="false" method="GET" path="/rest/ddb/status/\w+/\w+">
        <r:and>
            <r:permission id="CanPerformInternalMappingConfig"/>
        </r:and>
    </r:rest>
    <!-- table/field/view names can have unicode letters, numbers and characters such as # and @ -->
  	<r:rest allowAnonymous="false" method="GET" path="^/rest/ddb/data/\w+/\w+/table/(/[\p{L}\p{N}_][\p{L}\p{N}#@$_]*)*">
    	<r:and>
			<r:permission id="CanPerformInternalMappingConfig"/>
    	</r:and>
  	</r:rest>
  	<r:rest allowAnonymous="false" method="GET" path="^/rest/ddb/table/\w+/\w+(/[\p{L}\p{N}_][\p{L}\p{N}#@$_]*)*">
    	<r:and>
			<r:permission id="CanPerformInternalMappingConfig"/>
    	</r:and>
  	</r:rest>
    <!-- DSD OTF -->
    <r:rest allowAnonymous="false" method="GET" path="/rest/dsdonthefly/\w+/(\w|\.)+/\w+/(\w|\.)+">
        <r:and>
            <r:permission id="CanPerformInternalMappingConfig"/>
        </r:and>
    </r:rest>
    <!-- Mapping Set -->
    <r:rest allowAnonymous="false" method="GET" path="/rest/mappingset/status/\w+/[\w-]+(\.[\w-]+)*/[\w@$-]+/(\w+|\.)+">
        <r:and>
            <r:permission id="CanPerformInternalMappingConfig"/>
        </r:and>
    </r:rest>
    <r:rest allowAnonymous="false" method="POST" path="^/rest/mappingset/rule/\w+/(\w|\.)+/contentconstraint/[\w-]+(\.[\w-]+)*/[\w@$-]+/(\w+|\.)+$">
        <r:and>
            <r:permission id="CanPerformInternalMappingConfig"/>
        </r:and>
    </r:rest>
    <!-- Plugins -->
    <r:rest allowAnonymous="false" method="GET" path="/rest/plugins(/(\w|\.)+)?">
        <r:and>
            <r:permission id="CanPerformInternalMappingConfig"/>
        </r:and>
    </r:rest>
    <r:rest allowAnonymous="true" method="GET" path="/rest/plugins/\w+/\w+/\w+">
        <r:and>
            <r:permission id="CanPerformInternalMappingConfig"/>
        </r:and>
    </r:rest>
    <!-- Registry -->
    <r:rest allowAnonymous="false" method="GET" path="/rest/registry/\w+/\w+/\w+">
        <r:and>
            <r:permission id="CanImportStructures"/>
        </r:and>
    </r:rest>

    <!-- DELETE MAWS -->
    <r:rest allowAnonymous="false" method="DELETE" path="/rest/entity/\w+/(ddb|registry|user|userAction)/\w+">
        <r:and>
            <r:permission id="CanModifyStoreSettings"/>
        </r:and>
    </r:rest>
    <r:rest allowAnonymous="false" method="DELETE" path="/rest/entity/\w+/(mappingset|dataset|column|localCode|column_description|mapping|transcoding|transcodingRule|header_template|templateMapping)/\w+/(localCode|column_description|transcoding)/?">
        <r:and>
            <r:permission id="CanPerformInternalMappingConfig"/>
        </r:and>
    </r:rest>	<r:rest allowAnonymous="false" method="DELETE" path="/rest/entity/\w+/(mappingset|dataset|column|localCode|column_description|mapping|transcoding|transcodingRule|header_template|templateMapping|datasource)/\w+">
    <r:and>
        <r:permission id="CanPerformInternalMappingConfig"/>
    </r:and>
</r:rest>
    <r:rest allowAnonymous="false" method="DELETE" path="/rest/entity/\w+/header_template/\w+">
        <r:and>
            <r:permission id="CanImportStructures"/>
        </r:and>
    </r:rest>
    <r:rest allowAnonymous="false" method="DELETE" path="/rest/auth/(\w|/)+">
        <r:and>
            <r:permission id="CanModifyStoreSettings"/>
        </r:and>
    </r:rest>
    <r:rest allowAnonymous="false" method="DELETE" path="/rest/store/\w+">
        <r:and>
            <r:permission id="CanModifyStoreSettings"/>
        </r:and>
    </r:rest>
    <r:rest allowAnonymous="false" method="DELETE" path="/rest/dsdonthefly/\w+/(\w|\.)+/\w+/(\w|\.)+">
        <r:and>
            <r:permission id="CanPerformInternalMappingConfig"/>
        </r:and>
    </r:rest>

    <!-- PUT MAWS -->
    <r:rest allowAnonymous="true" method="PUT" path="/rest/auth/version/current">
        <r:and>
            <r:permission id="CanModifyStoreSettings"/>
        </r:and>
    </r:rest>
    <r:rest allowAnonymous="false" method="PUT" path="/rest/auth/(\w|/)+">
        <r:and>
            <r:permission id="CanModifyStoreSettings"/>
        </r:and>
    </r:rest>
    <r:rest allowAnonymous="false" method="PUT" path="/rest/store/\w+">
        <r:and>
            <r:permission id="CanModifyStoreSettings"/>
        </r:and>
    </r:rest>
    <r:rest allowAnonymous="false" method="PUT" path="/rest/dsdonthefly/\w+/(\w|\.)+/\w+/(\w|\.)+">
        <r:and>
            <r:permission id="CanPerformInternalMappingConfig"/>
        </r:and>
    </r:rest>

    <!-- PATCH MAWS -->
    <r:rest allowAnonymous="false" method="PATCH" path="/rest/entity/\w+/(ddb|registry|user|userAction)/\w+">
        <r:and>
            <r:permission id="CanModifyStoreSettings"/>
        </r:and>
    </r:rest>

    <r:rest allowAnonymous="false" method="PATCH" path="/rest/entity/\w+/(mappingset|dataset|column|localCode|column_description|mapping|transcoding|transcodingRule
          |header_template|templateMapping|datasource)/\w+">
        <r:and>
            <r:permission id="CanPerformInternalMappingConfig"/>
        </r:and>
    </r:rest>

    <r:rest allowAnonymous="false" method="PATCH" path="/rest/entity/\w+/header_template/\w+">
        <r:and>
            <r:permission id="CanImportStructures"/>
        </r:and>
    </r:rest>

    <!-- POST MAWS -->
    <r:rest allowAnonymous="false" method="POST" path="/rest/entity/\w+/(ddb|registry|user|userAction)">
        <r:and>
            <r:permission id="CanModifyStoreSettings"/>
        </r:and>
    </r:rest>
    <r:rest allowAnonymous="false" method="POST" path="/rest/entity/\w+/(mappingset|dataset|column|localCode|column_description|mapping|transcoding|transcodingRule|templateMapping|datasource)/?">
        <r:and>
            <r:permission id="CanPerformInternalMappingConfig"/>
        </r:and>
    </r:rest>
    <r:rest allowAnonymous="false" method="POST" path="/rest/entity/\w+/header_template">
        <r:and>
            <r:permission id="CanImportStructures"/>
        </r:and>
    </r:rest>
    <!-- Dataflow -->
    <r:rest allowAnonymous="false" method="POST" path="/rest/dataflow/version/(\w|\.|/)+.*">
        <r:and>
            <r:permission id="CanImportStructures"/>
            <r:permission id="CanPerformInternalMappingConfig"/>
        </r:and>
    </r:rest>
    <r:rest allowAnonymous="false" method="POST" path="^/rest/dataflow/mappingset/(\w|\.|/)+.*">
		<r:and>
			<r:permission id="CanPerformInternalMappingConfig"/>
		</r:and>
	</r:rest>
    <r:rest allowAnonymous="false" method="POST" path="/rest/store">
        <r:and>
            <r:permission id="CanModifyStoreSettings"/>
        </r:and>
    </r:rest>
    <r:rest allowAnonymous="false" method="POST" path="/rest/store/\w+/status">
        <r:and>
            <r:permission id="CanModifyStoreSettings"/>
        </r:and>
    </r:rest>
    <r:rest allowAnonymous="false" method="POST" path="/rest/store/\w+/version">
        <r:and>
            <r:permission id="CanModifyStoreSettings"/>
        </r:and>
    </r:rest>
    <r:rest allowAnonymous="false" method="POST" path="/rest/store/\w+">
        <r:and>
            <r:permission id="CanModifyStoreSettings"/>
        </r:and>
    </r:rest>
    <r:rest allowAnonymous="false" method="POST" path="/rest/store/\w+/all">
        <r:and>
            <r:permission id="CanModifyStoreSettings"/>
        </r:and>
    </r:rest>
    <r:rest allowAnonymous="false" method="POST" path="/rest/store/\w+/entity">
        <r:and>
            <r:permission id="CanModifyStoreSettings"/>
        </r:and>
    </r:rest>
    <r:rest allowAnonymous="false" method="POST" path="/rest/dataset/(data|plugin)(/\w+)+">
        <r:and>
            <r:permission id="CanPerformInternalMappingConfig"/>
        </r:and>
    </r:rest>
    <r:rest allowAnonymous="false" method="POST" path="/rest/ddb/(data|column|test)/\w+/\w+">
        <r:and>
            <r:permission id="CanPerformInternalMappingConfig"/>
        </r:and>
    </r:rest>
    <r:rest allowAnonymous="false" method="POST" path="/rest/dsdonthefly/\w+">
        <r:and>
            <r:permission id="CanPerformInternalMappingConfig"/>
        </r:and>
    </r:rest>
    <r:rest allowAnonymous="false" method="POST" path="/rest/registry/\w+/\w+/\w+">
        <r:and>
            <r:permission id="CanImportStructures"/>
        </r:and>
    </r:rest>
    <r:rest allowAnonymous="false" method="POST" path="^/rest/mappingset/contentconstraint/\w+/\w+(/\w+)?$">
        <r:and>
            <r:permission id="CanPerformInternalMappingConfig"/>
        </r:and>
    </r:rest>


    <!-- REST get data -->
    <!--  <r:rest path="/.*(\.gif|\.png|\.jpg|\.jpeg|\.css|\.ico)$" method="GET" allowAnonymous="true">
          <r:and>
              <r:permission id="Any"/>
          </r:and>
      </r:rest>
      -->
    <!-- REST get data -->
    <r:rest path="/(sdmx/rest|rest)/data/[^/]+(/.*)?" method="GET" allowAnonymous="false">
        <r:and>
            <r:permission id="CanReadData"/>
        </r:and>
    </r:rest>

    <!-- HOMEPAGE -->
    <r:rest allowAnonymous="true" method="GET" path="^/$">
        <r:and>
            <r:permission id="Any"/>
        </r:and>
    </r:rest>
    <r:rest allowAnonymous="true" method="GET" path="^/index.html$">
        <r:and>
            <r:permission id="Any"/>
        </r:and>
    </r:rest>


    <!-- available constraints aka actual constraints aka cube-->
    <r:rest path="/(sdmx/rest|rest)/availableconstraint/[^/]+(/.*)?" method="GET" allowAnonymous="false">
        <r:and>
            <r:permission id="CanReadData"/>
        </r:and>
    </r:rest>
    <!-- available constraints aka actual constraints aka cube-->
    <r:rest path="/(sdmx/rest|rest)/availableconstraint/[^/]+(/.*)?" method="POST" allowAnonymous="false">
        <r:and>
            <r:permission id="CanReadData"/>
        </r:and>
    </r:rest>
    <!-- REST get structural metadata -->
    <!-- Path uses regular expression, a subset common to both Java and .NET. Uri Templates -->
    <r:rest path="/(sdmx/rest|rest)/(datastructure|metadatastructure|categoryscheme|conceptscheme|codelist|hierarchicalcodelist|organisationscheme|agencyscheme|dataproviderscheme|dataconsumerscheme|organisationunitscheme|dataflow|metadataflow|reportingtaxonomy|provisionagreement|structureset|process|categorisation|contentconstraint|attachmentconstraint|structure)(/.*)?" method="GET" allowAnonymous="false">
        <r:and>
            <r:permission id="CanReadStructuralMetadata" />
        </r:and>
    </r:rest>
    <r:rest path="/(sdmx/rest|rest)/structure/?" method="POST" allowAnonymous="false">
        <r:and>
            <r:permission id="CanReadStructuralMetadata" />
            <r:permission id="CanImportStructures"/>
            <!--        <r:permission id="CanUpdateStructuralMetadata"/> -->
        </r:and>
    </r:rest>
    <!-- Experimental feature, POST key in body. key=..... -->
    <r:rest path="/(sdmx/rest|rest)/data/[^/]+/body/?(/.*)?" method="POST" allowAnonymous="true">
        <r:and>
            <r:permission id="CanReadData"/>
        </r:and>
    </r:rest>
    <r:rest path="/(sdmx/rest|rest)/(datastructure|metadatastructure|categoryscheme|conceptscheme|codelist|hierarchicalcodelist|organisationscheme|agencyscheme|dataproviderscheme|dataconsumerscheme|organisationunitscheme|dataflow|metadataflow|reportingtaxonomy|provisionagreement|structureset|process|categorisation|contentconstraint|attachmentconstraint|structure)(/.*)?" method="PUT" allowAnonymous="false">
        <r:and>
            <r:permission id="CanReadStructuralMetadata" />
            <r:permission id="CanImportStructures"/>
            <!--        <r:permission id="CanUpdateStructuralMetadata"/> -->
        </r:and>
    </r:rest>
    <r:rest path="/(sdmx/rest|rest)/(datastructure|metadatastructure|categoryscheme|conceptscheme|codelist|hierarchicalcodelist|organisationscheme|agencyscheme|dataproviderscheme|dataconsumerscheme|organisationunitscheme|dataflow|metadataflow|reportingtaxonomy|provisionagreement|structureset|process|categorisation|contentconstraint|attachmentconstraint|structure)(/.*)?" method="DELETE" allowAnonymous="false">
        <r:and>
            <r:permission id="CanReadStructuralMetadata" />
            <r:permission id="CanImportStructures"/>
            <r:permission id="CanDeleteStructuralMetadata"/>
        </r:and>
    </r:rest>
    <r:rest path="/rest/login/token" method="POST" allowAnonymous="false">
        <r:and>
            <r:permission id="Any"/>
        </r:and>
    </r:rest>
    <!-- Frontpage and API-->
    <r:rest allowAnonymous="true" method="GET" path="^/style/\w+\.css$">
        <r:and>
            <r:permission id="Any"/>
        </r:and>
    </r:rest>
    <r:rest allowAnonymous="true" method="GET" path="^/image/\w+\.\w+$">
        <r:and>
            <r:permission id="Any"/>
        </r:and>
    </r:rest>
    <r:rest allowAnonymous="true" method="GET" path="^/(default.aspx)?$">
        <r:and>
            <r:permission id="Any"/>
        </r:and>
    </r:rest>
    <r:rest allowAnonymous="true" method="GET" path="^/sdmx(_estat|_org|v21)/(schemas/)?\w+\.(wsdl|xsd)$">
        <r:and>
            <r:permission id="Any"/>
        </r:and>
    </r:rest>
    <!-- last slash needed for .NET-->
    <r:rest allowAnonymous="true" method="GET" path="^/rest/application.wadl/?$">
        <r:and>
            <r:permission id="Any"/>
        </r:and>
    </r:rest>

    <!-- SDMX v2.1 SOAP GET data -->
    <r:soap path="/NSIStdV21Service" allowAnonymous="true">
        <r:and>
            <r:permission id="CanReadData"/>
        </r:and>
        <r:xpath>
            <r:declare prefix="web" namespace="http://www.sdmx.org/resources/sdmxml/schemas/v2_1/webservices"/>
            <r:declare prefix="soap" namespace="http://schemas.xmlsoap.org/soap/envelope/"/>
            <r:script><![CDATA[
            boolean(
                /soap:Envelope/soap:Body/web:GetStructureSpecificData
                | /soap:Envelope/soap:Body/web:GetGenericData
                | /soap:Envelope/soap:Body/web:GetStructureSpecificTimeSeriesData
                | /soap:Envelope/soap:Body/web:GetGenericTimeSeriesData
                )
            ]]>
            </r:script>
        </r:xpath>
    </r:soap>
    <!-- SDMX v2.1 SOAP GET structural metadata -->
    <r:soap path="/NSIStdV21Service" allowAnonymous="true">
        <r:and>
            <r:permission id="CanReadStructuralMetadata"/>
        </r:and>
        <r:xpath>
            <r:declare prefix="web" namespace="http://www.sdmx.org/resources/sdmxml/schemas/v2_1/webservices"/>
            <r:declare prefix="soap" namespace="http://schemas.xmlsoap.org/soap/envelope/"/>
            <r:script><![CDATA[
            boolean(/soap:Envelope/soap:Body/*[starts-with(local-name(),'Get') and namespace-uri()="http://www.sdmx.org/resources/sdmxml/schemas/v2_1/webservices"])
            ]]>
            </r:script>
        </r:xpath>
    </r:soap>
    <!-- SDMX v2.1 RR SOAP GET data -->
    <r:soap path="/NSISubmitStructureService" allowAnonymous="false">
        <r:and>
            <r:permission id="CanReadData"/>
        </r:and>
        <r:xpath>
            <r:declare prefix="web" namespace="http://www.sdmx.org/resources/sdmxml/schemas/v2_1/webservices"/>
            <r:declare prefix="soap" namespace="http://schemas.xmlsoap.org/soap/envelope/"/>
            <r:script><![CDATA[
            boolean(
                /soap:Envelope/soap:Body/web:GetStructureSpecificData
                | /soap:Envelope/soap:Body/web:GetGenericData
                | /soap:Envelope/soap:Body/web:GetStructureSpecificTimeSeriesData
                | /soap:Envelope/soap:Body/web:GetGenericTimeSeriesData
                )
            ]]>
            </r:script>
        </r:xpath>
    </r:soap>
    <!-- SDMX v2.1 SOAP RR GET structural metadata -->
    <r:soap path="/NSISubmitStructureService" allowAnonymous="false">
        <r:and>
            <r:permission id="CanReadStructuralMetadata"/>
        </r:and>
        <r:xpath>
            <r:declare prefix="web" namespace="http://www.sdmx.org/resources/sdmxml/schemas/v2_1/webservices"/>
            <r:declare prefix="soap" namespace="http://schemas.xmlsoap.org/soap/envelope/"/>
            <r:script><![CDATA[
            boolean(/soap:Envelope/soap:Body/*[starts-with(local-name(),'Get') and namespace-uri()="http://www.sdmx.org/resources/sdmxml/schemas/v2_1/webservices"])
            ]]>
            </r:script>
        </r:xpath>
    </r:soap>
    <!-- SDMX v2.1 SOAP RR Append structural metadata -->
    <!-- NOTE RR messages may contain multiple actions. This is not supported currently in NSI WS-->
    <r:soap path="/NSISubmitStructureService" allowAnonymous="false">
        <r:and>
            <r:permission id="CanReadStructuralMetadata"/>
            <r:permission id="CanImportStructures"/>
        </r:and>
        <r:xpath>
            <r:declare prefix="web" namespace="http://www.sdmx.org/resources/sdmxml/schemas/v2_1/webservices"/>
            <r:declare prefix="soap" namespace="http://schemas.xmlsoap.org/soap/envelope/"/>
            <r:declare prefix="m" namespace="http://www.sdmx.org/resources/sdmxml/schemas/v2_1/message"/>
            <r:script><![CDATA[
          boolean(
          /soap:Envelope/soap:Body/web:RegistryInterfaceRequest/m:RegistryInterface/m:SubmitStructureRequest[@action="Append"]
          | /soap:Envelope/soap:Body/web:SubmitStructure/m:SubmitStructureRequest/m:SubmitStructureRequest[@action="Append"]
          )
            ]]>
            </r:script>
        </r:xpath>
    </r:soap>
    <!-- SDMX v2.1 SOAP RR Update structural metadata -->
    <!-- NOTE RR messages may contain multiple actions. This is not supported currently in NSI WS-->
    <r:soap path="/NSISubmitStructureService" allowAnonymous="false">
        <r:and>
            <r:permission id="CanReadStructuralMetadata"/>
            <r:permission id="CanImportStructures"/>
            <!--<r:permission id="CanUpdateStructuralMetadata"/>-->
        </r:and>
        <r:xpath>
            <r:declare prefix="web" namespace="http://www.sdmx.org/resources/sdmxml/schemas/v2_1/webservices"/>
            <r:declare prefix="soap" namespace="http://schemas.xmlsoap.org/soap/envelope/"/>
            <r:declare prefix="m" namespace="http://www.sdmx.org/resources/sdmxml/schemas/v2_1/message"/>
            <r:script><![CDATA[
          boolean(
          /soap:Envelope/soap:Body/web:RegistryInterfaceRequest/m:RegistryInterface/m:SubmitStructureRequest[@action="Replace"]
          | /soap:Envelope/soap:Body/web:SubmitStructure/m:SubmitStructureRequest/m:SubmitStructureRequest[@action="Replace"]
          )
            ]]>
            </r:script>
        </r:xpath>
    </r:soap>
    <!-- SDMX v2.1 SOAP RR Delete structural metadata -->
    <!-- NOTE RR messages may contain multiple actions. This is not supported currently in NSI WS-->
    <r:soap path="/NSISubmitStructureService" allowAnonymous="false">
        <r:and>
            <r:permission id="CanReadStructuralMetadata"/>
            <r:permission id="CanImportStructures"/>
            <r:permission id="CanDeleteStructuralMetadata"/>
        </r:and>
        <r:xpath>
            <r:declare prefix="web" namespace="http://www.sdmx.org/resources/sdmxml/schemas/v2_1/webservices"/>
            <r:declare prefix="soap" namespace="http://schemas.xmlsoap.org/soap/envelope/"/>
            <r:declare prefix="m" namespace="http://www.sdmx.org/resources/sdmxml/schemas/v2_1/message"/>
            <r:script><![CDATA[
          boolean(
          /soap:Envelope/soap:Body/web:RegistryInterfaceRequest/m:RegistryInterface/m:SubmitStructureRequest[@action="Delete"]
          | /soap:Envelope/soap:Body/web:SubmitStructure/m:SubmitStructureRequest/m:SubmitStructureRequest[@action="Delete"]
          )
            ]]>
            </r:script>
        </r:xpath>
    </r:soap>

    <!-- SDMX v2.0 extended data  -->
    <r:soap path="/NSIEstatV20Service" allowAnonymous="true">
        <r:and>
            <r:permission id="CanReadData"/>
        </r:and>
        <r:xpath>
            <r:declare prefix="web" namespace="http://ec.europa.eu/eurostat/sri/service/2.0/extended"/>
            <r:declare prefix="soap" namespace="http://schemas.xmlsoap.org/soap/envelope/"/>
            <r:script><![CDATA[
            boolean(
                /soap:Envelope/soap:Body/web:GetCompactData
                | /soap:Envelope/soap:Body/web:GetGenericData
                | /soap:Envelope/soap:Body/web:GetCrossSectionalData)
            ]]>
            </r:script>
        </r:xpath>
    </r:soap>
    <!-- SDMX v2.0 extended structure  -->
    <r:soap path="/NSIEstatV20Service" allowAnonymous="true">
        <r:and>
            <r:permission id="CanReadStructuralMetadata"/>
        </r:and>
        <r:xpath>
            <r:declare prefix="web" namespace="http://ec.europa.eu/eurostat/sri/service/2.0/extended"/>
            <r:declare prefix="soap" namespace="http://schemas.xmlsoap.org/soap/envelope/"/>
            <r:script><![CDATA[
            boolean(/soap:Envelope/soap:Body/web:QueryStructure)
            ]]>
            </r:script>
        </r:xpath>
    </r:soap>
    <!-- SDMX v2.0 standard data -->
    <r:soap path="/NSIStdV20Service" allowAnonymous="true">
        <r:and>
            <r:permission id="CanReadData"/>
        </r:and>
        <r:xpath>
            <r:declare prefix="web" namespace="http://ec.europa.eu/eurostat/sri/service/2.0/"/>
            <r:declare prefix="soap" namespace="http://schemas.xmlsoap.org/soap/envelope/"/>
            <r:script><![CDATA[
            boolean(
                /soap:Envelope/soap:Body/web:GetCompactData
                | /soap:Envelope/soap:Body/web:GetGenericData
                | /soap:Envelope/soap:Body/web:GetCrossSectionalData)
            ]]>
            </r:script>
        </r:xpath>
    </r:soap>
    <!-- SDMX v2.0 standard structure -->
    <r:soap path="/NSIStdV20Service" allowAnonymous="true">
        <r:and>
            <r:permission id="CanReadStructuralMetadata"/>
        </r:and>
        <r:xpath>
            <r:declare prefix="web" namespace="http://ec.europa.eu/eurostat/sri/service/2.0/"/>
            <r:declare prefix="soap" namespace="http://schemas.xmlsoap.org/soap/envelope/"/>
            <r:script><![CDATA[
            boolean(
                /soap:Envelope/soap:Body/web:QueryStructure)
            ]]>
            </r:script>
        </r:xpath>
    </r:soap>
</r:rules>